exp,Parallel_HIP_32_GPU_GPU,-2.2932539083154958e-08,1.656417790850246e-13
exp,Parallel_HIP_GPU_GPU,-2.781064267765032e-17,5.459071754720172e-31
exp,Parallel_OpenMP_32_CPU,3.048872091611088e-08,3.49706182850648e-13
exp,Parallel_OpenMP_CPU,2.63004729106342e-16,8.978986182044746e-31
exp,Parallel_OpenMP_SIMD_32_CPU,3.048872091611088e-08,3.49706182850648e-13
exp,Parallel_OpenMP_SIMD_CPU,2.63004729106342e-16,8.978986182044746e-31
exp,Parallel_Thread_32_CPU,3.048872091611088e-08,3.49706182850648e-13
exp,Parallel_Thread_CPU,2.63004729106342e-16,8.978986182044746e-31
exp,Serial_Naive_32_CPU,3.049729091611475e-08,3.497188583974832e-13
exp,Serial_Naive_CPU,2.63004729106342e-16,8.978986182044746e-31
exp,Serial_SIMD_32_CPU,3.049729091611475e-08,3.497188583974832e-13
exp,Serial_SIMD_CPU,2.63004729106342e-16,8.978986182044746e-31
exp,Serial_STL_32_CPU,3.049729091611475e-08,3.497188583974832e-13
exp,Serial_STL_Transform_CPU,2.63004729106342e-16,8.978986182044746e-31
