power,OpenMP_GPU_Offload_32_GPU,7.699555373563704e-11,8.843388426521946e-15
power,OpenMP_GPU_Offload_GPU,-4.6407322429331546e-20,9.580762844076189e-33
power,Parallel_CUDA_32_GPU,-4.781434461977874e-10,8.67925973754777e-15
power,Parallel_CUDA_GPU,2.3583357489087576e-18,1.8608942513962753e-32
power,Parallel_HIP_32_GPU_GPU,-4.781434461977874e-10,8.67925973754777e-15
power,Parallel_HIP_GPU_GPU,2.3583357489087576e-18,1.8608942513962753e-32
power,Parallel_OpenCL_32_CPU_CPU,-4.896594462804326e-10,8.8301878168591e-15
power,Parallel_OpenCL_32_GPU_GPU,8.20160553827165e-10,1.3002306412030147e-14
power,Parallel_OpenCL_CPU_CPU,6.59472476627343e-19,9.062788036136774e-33
power,Parallel_OpenCL_GPU_GPU,2.3574475704890573e-18,1.8609045310032884e-32
power,Parallel_OpenMP_32_CPU,4.566673553764167e-09,8.519591489502569e-15
power,Parallel_OpenMP_CPU,4.274802734016702e-18,2.5892552746861444e-32
power,Parallel_OpenMP_SIMD_32_CPU,4.566673553764167e-09,8.519591489502569e-15
power,Parallel_OpenMP_SIMD_CPU,4.274802734016702e-18,2.5892552746861444e-32
power,Parallel_STL_32_CPU,4.559757553764143e-09,8.519661450973963e-15
power,Parallel_STL_CPU,4.2691405965911146e-18,2.587492570918513e-32
power,Parallel_SYCL_32_CPU_CPU,1.5371455375912114e-10,8.462580868831757e-15
power,Parallel_SYCL_32_GPU_GPU,-4.3761144623299943e-10,8.928732290896805e-15
power,Parallel_SYCL_CPU_CPU,-6.6613381477509394e-21,8.036516034596465e-35
power,Parallel_SYCL_GPU_GPU,-1.4161782857513572e-17,2.9072543681044514e-32
power,Parallel_Thread_32_CPU,4.566673553764167e-09,8.519591489502569e-15
power,Parallel_Thread_CPU,4.274802734016702e-18,2.5892552746861444e-32
power,Serial_Naive_32_CPU,4.5664345537643754e-09,8.519592363527076e-15
power,Serial_Naive_CPU,4.274802734016702e-18,2.5892552746861444e-32
power,Serial_SIMD_32_CPU,4.5664345537643754e-09,8.519592363527076e-15
power,Serial_SIMD_CPU,4.274802734016702e-18,2.5892552746861444e-32
power,Serial_STL_32_CPU,4.5664345537643754e-09,8.519592363527076e-15
power,Serial_STL_Transform_CPU,4.274802734016702e-18,2.5892552746861444e-32
